{data: [
        {
            id : 1,
            pid: null,
            "name":"Kevin Song" ,  
            pic : "images/male.png",
            title : 'campus manager'
        },
        {
            id : 2,
            pid: 1,
            "name":"Steven Li" ,  
            pic : "images/male.png",
            title : 'software manager' 
        },
        {
            id : 3,
            pid: 1,
            "name":"James Fu" ,  
            pic : "images/male.png",
            title : 'software engineering manager'
        },
        {
            id : 4,
            pid: 1,
            "name":"Rice Fan" ,  
            pic : "images/male.png",
            title : 'project mangement manager'
        },
        {
            id : 5,
            pid: 1,
            "name":"Howard Liu" ,  
            pic : "images/male.png",
            title : 'software manager'
        },
        {
            id : 6,
            pid: 1,
            "name":"Daniel Zhan" ,  
            pic : "images/male.png",
            title : 'test manager'
        },
        {
            id : 7,
            pid: 1,
            "name":"Summer Song" ,  
            pic : "images/female.png",
            title : 'team lead - administration'
        },
        {
            id : 8,
            pid: 1,
            "name":"Bruce Teng" ,  
            pic : "images/male.png",
            title : 'Product Specialist'
        },
        {
            id : 9,
            pid: 2,
            "name":"Candy Cai",
            pic : "images/female.png",
            title : 'Team lead'
        },
        {
            id : 10,
            pid: 9,
            "name":"J Xu" ,  
            pic : "images/male.png",
            title : 'software engineer'
        }
    ]
}